event_id,learner_id,session_registration,level,round_number,event_type,event_subtype,regime,event_timestamp,raw_statement_id
00000000-0000-4000-8000-000000000001,BK-1234,b7a1e7d0-3f9d-4c4e-9a01-000000000001,level-0,,initialized,sim-initialized,no-parity,2026-09-15T09:00:00.000Z,00000000-0000-4000-8000-000000000001
00000000-0000-4000-8000-000000000002,BK-1234,b7a1e7d0-3f9d-4c4e-9a01-000000000001,level-0,,initialized,clearance-initialized,no-parity,2026-09-15T09:00:05.000Z,00000000-0000-4000-8000-000000000002
00000000-0000-4000-8000-00000000000c,BK-1234,b7a1e7d0-3f9d-4c4e-9a01-000000000001,level-0,,initialized,clearance-initialized,no-parity,2026-09-15T09:01:52.000Z,00000000-0000-4000-8000-00000000000c
00000000-0000-4000-8000-000000000011,BK-1234,b7a1e7d0-3f9d-4c4e-9a01-000000000001,level-0,,completed,level-milestone,no-parity,2026-09-15T09:02:37.000Z,00000000-0000-4000-8000-000000000011
00000000-0000-4000-8000-000000000012,BK-1234,b7a1e7d0-3f9d-4c4e-9a01-000000000001,level-1,1,initialized,round-initialized,no-parity,2026-09-15T09:02:41.000Z,00000000-0000-4000-8000-000000000012
00000000-0000-4000-8000-000000000018,BK-1234,b7a1e7d0-3f9d-4c4e-9a01-000000000001,level-1,1,interacted,objection-presented,no-parity,2026-09-15T09:04:47.000Z,00000000-0000-4000-8000-000000000018
00000000-0000-4000-8000-00000000001a,BK-1234,b7a1e7d0-3f9d-4c4e-9a01-000000000001,level-1,1,interacted,objection-presented,no-parity,2026-09-15T09:05:11.000Z,00000000-0000-4000-8000-00000000001a
00000000-0000-4000-8000-00000000001d,BK-1234,b7a1e7d0-3f9d-4c4e-9a01-000000000001,level-1,2,initialized,round-initialized,no-parity,2026-09-15T09:05:38.000Z,00000000-0000-4000-8000-00000000001d
00000000-0000-4000-8000-000000000023,BK-1234,b7a1e7d0-3f9d-4c4e-9a01-000000000001,level-1,2,interacted,objection-presented,no-parity,2026-09-15T09:07:44.000Z,00000000-0000-4000-8000-000000000023
00000000-0000-4000-8000-000000000026,BK-1234,b7a1e7d0-3f9d-4c4e-9a01-000000000001,level-1,3,initialized,round-initialized,no-parity,2026-09-15T09:08:11.000Z,00000000-0000-4000-8000-000000000026
00000000-0000-4000-8000-00000000002c,BK-1234,b7a1e7d0-3f9d-4c4e-9a01-000000000001,level-1,3,interacted,objection-presented,no-parity,2026-09-15T09:10:17.000Z,00000000-0000-4000-8000-00000000002c
00000000-0000-4000-8000-00000000002f,BK-1234,b7a1e7d0-3f9d-4c4e-9a01-000000000001,level-1,4,initialized,round-initialized,no-parity,2026-09-15T09:10:44.000Z,00000000-0000-4000-8000-00000000002f
00000000-0000-4000-8000-000000000035,BK-1234,b7a1e7d0-3f9d-4c4e-9a01-000000000001,level-1,4,interacted,objection-presented,no-parity,2026-09-15T09:12:50.000Z,00000000-0000-4000-8000-000000000035
00000000-0000-4000-8000-000000000038,BK-1234,b7a1e7d0-3f9d-4c4e-9a01-000000000001,level-1,5,initialized,round-initialized,no-parity,2026-09-15T09:13:17.000Z,00000000-0000-4000-8000-000000000038
00000000-0000-4000-8000-00000000003e,BK-1234,b7a1e7d0-3f9d-4c4e-9a01-000000000001,level-1,5,interacted,objection-presented,no-parity,2026-09-15T09:15:23.000Z,00000000-0000-4000-8000-00000000003e
00000000-0000-4000-8000-000000000041,BK-1234,b7a1e7d0-3f9d-4c4e-9a01-000000000001,level-1,6,initialized,round-initialized,no-parity,2026-09-15T09:15:50.000Z,00000000-0000-4000-8000-000000000041
00000000-0000-4000-8000-000000000047,BK-1234,b7a1e7d0-3f9d-4c4e-9a01-000000000001,level-1,6,interacted,objection-presented,no-parity,2026-09-15T09:17:56.000Z,00000000-0000-4000-8000-000000000047
00000000-0000-4000-8000-00000000004a,BK-1234,b7a1e7d0-3f9d-4c4e-9a01-000000000001,level-1,7,initialized,round-initialized,no-parity,2026-09-15T09:18:23.000Z,00000000-0000-4000-8000-00000000004a
00000000-0000-4000-8000-000000000050,BK-1234,b7a1e7d0-3f9d-4c4e-9a01-000000000001,level-1,7,interacted,objection-presented,no-parity,2026-09-15T09:20:29.000Z,00000000-0000-4000-8000-000000000050
00000000-0000-4000-8000-000000000052,BK-1234,b7a1e7d0-3f9d-4c4e-9a01-000000000001,level-1,7,interacted,objection-presented,no-parity,2026-09-15T09:20:53.000Z,00000000-0000-4000-8000-000000000052
00000000-0000-4000-8000-000000000055,BK-1234,b7a1e7d0-3f9d-4c4e-9a01-000000000001,level-1,8,initialized,round-initialized,no-parity,2026-09-15T09:21:20.000Z,00000000-0000-4000-8000-000000000055
00000000-0000-4000-8000-00000000005b,BK-1234,b7a1e7d0-3f9d-4c4e-9a01-000000000001,level-1,8,interacted,objection-presented,no-parity,2026-09-15T09:23:26.000Z,00000000-0000-4000-8000-00000000005b
00000000-0000-4000-8000-00000000005d,BK-1234,b7a1e7d0-3f9d-4c4e-9a01-000000000001,level-1,8,interacted,objection-presented,no-parity,2026-09-15T09:23:50.000Z,00000000-0000-4000-8000-00000000005d
00000000-0000-4000-8000-000000000060,BK-1234,b7a1e7d0-3f9d-4c4e-9a01-000000000001,level-1,8,reset,round-reset,no-parity,2026-09-15T09:24:17.000Z,00000000-0000-4000-8000-000000000060
00000000-0000-4000-8000-000000000061,BK-1234,b7a1e7d0-3f9d-4c4e-9a01-000000000001,level-1,8,initialized,round-initialized,no-parity,2026-09-15T09:24:21.000Z,00000000-0000-4000-8000-000000000061
00000000-0000-4000-8000-000000000067,BK-1234,b7a1e7d0-3f9d-4c4e-9a01-000000000001,level-1,8,interacted,objection-presented,no-parity,2026-09-15T09:26:27.000Z,00000000-0000-4000-8000-000000000067
00000000-0000-4000-8000-000000000069,BK-1234,b7a1e7d0-3f9d-4c4e-9a01-000000000001,level-1,8,interacted,objection-presented,no-parity,2026-09-15T09:26:51.000Z,00000000-0000-4000-8000-000000000069
00000000-0000-4000-8000-00000000006c,BK-1234,b7a1e7d0-3f9d-4c4e-9a01-000000000001,level-1,9,initialized,round-initialized,no-parity,2026-09-15T09:27:18.000Z,00000000-0000-4000-8000-00000000006c
00000000-0000-4000-8000-000000000072,BK-1234,b7a1e7d0-3f9d-4c4e-9a01-000000000001,level-1,9,interacted,objection-presented,no-parity,2026-09-15T09:29:24.000Z,00000000-0000-4000-8000-000000000072
00000000-0000-4000-8000-000000000075,BK-1234,b7a1e7d0-3f9d-4c4e-9a01-000000000001,level-1,10,initialized,round-initialized,no-parity,2026-09-15T09:29:51.000Z,00000000-0000-4000-8000-000000000075
00000000-0000-4000-8000-00000000007b,BK-1234,b7a1e7d0-3f9d-4c4e-9a01-000000000001,level-1,10,interacted,objection-presented,no-parity,2026-09-15T09:31:57.000Z,00000000-0000-4000-8000-00000000007b
00000000-0000-4000-8000-00000000007e,BK-1234,b7a1e7d0-3f9d-4c4e-9a01-000000000001,level-1,,completed,level-milestone,no-parity,2026-09-15T09:32:23.000Z,00000000-0000-4000-8000-00000000007e
00000000-0000-4000-8000-00000000007f,BK-1234,b7a1e7d0-3f9d-4c4e-9a01-000000000001,level-2,11,initialized,round-initialized,no-parity,2026-09-15T09:32:27.000Z,00000000-0000-4000-8000-00000000007f
00000000-0000-4000-8000-000000000083,BK-1234,b7a1e7d0-3f9d-4c4e-9a01-000000000001,level-2,11,interacted,objection-presented,no-parity,2026-09-15T09:33:34.000Z,00000000-0000-4000-8000-000000000083
00000000-0000-4000-8000-000000000085,BK-1234,b7a1e7d0-3f9d-4c4e-9a01-000000000001,level-2,11,interacted,objection-presented,no-parity,2026-09-15T09:33:58.000Z,00000000-0000-4000-8000-000000000085
00000000-0000-4000-8000-000000000087,BK-1234,b7a1e7d0-3f9d-4c4e-9a01-000000000001,level-2,11,interacted,objection-presented,no-parity,2026-09-15T09:34:22.000Z,00000000-0000-4000-8000-000000000087
00000000-0000-4000-8000-000000000089,BK-1234,b7a1e7d0-3f9d-4c4e-9a01-000000000001,level-2,11,interacted,objection-presented,no-parity,2026-09-15T09:34:46.000Z,00000000-0000-4000-8000-000000000089
00000000-0000-4000-8000-00000000008c,BK-1234,b7a1e7d0-3f9d-4c4e-9a01-000000000001,level-2,12,initialized,round-initialized,no-parity,2026-09-15T09:35:13.000Z,00000000-0000-4000-8000-00000000008c
00000000-0000-4000-8000-000000000090,BK-1234,b7a1e7d0-3f9d-4c4e-9a01-000000000001,level-2,12,interacted,objection-presented,no-parity,2026-09-15T09:36:20.000Z,00000000-0000-4000-8000-000000000090
00000000-0000-4000-8000-000000000092,BK-1234,b7a1e7d0-3f9d-4c4e-9a01-000000000001,level-2,12,interacted,objection-presented,no-parity,2026-09-15T09:36:44.000Z,00000000-0000-4000-8000-000000000092
00000000-0000-4000-8000-000000000095,BK-1234,b7a1e7d0-3f9d-4c4e-9a01-000000000001,level-2,13,initialized,round-initialized,no-parity,2026-09-15T09:37:11.000Z,00000000-0000-4000-8000-000000000095
00000000-0000-4000-8000-000000000099,BK-1234,b7a1e7d0-3f9d-4c4e-9a01-000000000001,level-2,13,interacted,objection-presented,no-parity,2026-09-15T09:38:18.000Z,00000000-0000-4000-8000-000000000099
00000000-0000-4000-8000-00000000009b,BK-1234,b7a1e7d0-3f9d-4c4e-9a01-000000000001,level-2,13,interacted,objection-presented,no-parity,2026-09-15T09:38:42.000Z,00000000-0000-4000-8000-00000000009b
00000000-0000-4000-8000-00000000009d,BK-1234,b7a1e7d0-3f9d-4c4e-9a01-000000000001,level-2,13,interacted,objection-presented,no-parity,2026-09-15T09:39:06.000Z,00000000-0000-4000-8000-00000000009d
00000000-0000-4000-8000-0000000000a0,BK-1234,b7a1e7d0-3f9d-4c4e-9a01-000000000001,level-2,14,initialized,round-initialized,no-parity,2026-09-15T09:39:33.000Z,00000000-0000-4000-8000-0000000000a0
00000000-0000-4000-8000-0000000000a4,BK-1234,b7a1e7d0-3f9d-4c4e-9a01-000000000001,level-2,14,interacted,objection-presented,no-parity,2026-09-15T09:40:40.000Z,00000000-0000-4000-8000-0000000000a4
00000000-0000-4000-8000-0000000000a6,BK-1234,b7a1e7d0-3f9d-4c4e-9a01-000000000001,level-2,14,interacted,objection-presented,no-parity,2026-09-15T09:41:04.000Z,00000000-0000-4000-8000-0000000000a6
00000000-0000-4000-8000-0000000000a8,BK-1234,b7a1e7d0-3f9d-4c4e-9a01-000000000001,level-2,14,interacted,objection-presented,no-parity,2026-09-15T09:41:28.000Z,00000000-0000-4000-8000-0000000000a8
00000000-0000-4000-8000-0000000000aa,BK-1234,b7a1e7d0-3f9d-4c4e-9a01-000000000001,level-2,14,interacted,objection-presented,no-parity,2026-09-15T09:41:52.000Z,00000000-0000-4000-8000-0000000000aa
00000000-0000-4000-8000-0000000000ad,BK-1234,b7a1e7d0-3f9d-4c4e-9a01-000000000001,level-2,15,initialized,round-initialized,no-parity,2026-09-15T09:42:19.000Z,00000000-0000-4000-8000-0000000000ad
00000000-0000-4000-8000-0000000000b1,BK-1234,b7a1e7d0-3f9d-4c4e-9a01-000000000001,level-2,15,interacted,objection-presented,no-parity,2026-09-15T09:43:26.000Z,00000000-0000-4000-8000-0000000000b1
00000000-0000-4000-8000-0000000000b3,BK-1234,b7a1e7d0-3f9d-4c4e-9a01-000000000001,level-2,15,interacted,objection-presented,no-parity,2026-09-15T09:43:50.000Z,00000000-0000-4000-8000-0000000000b3
00000000-0000-4000-8000-0000000000b6,BK-1234,b7a1e7d0-3f9d-4c4e-9a01-000000000001,level-2,16,initialized,round-initialized,no-parity,2026-09-15T09:44:17.000Z,00000000-0000-4000-8000-0000000000b6
00000000-0000-4000-8000-0000000000ba,BK-1234,b7a1e7d0-3f9d-4c4e-9a01-000000000001,level-2,16,interacted,objection-presented,no-parity,2026-09-15T09:45:24.000Z,00000000-0000-4000-8000-0000000000ba
00000000-0000-4000-8000-0000000000bc,BK-1234,b7a1e7d0-3f9d-4c4e-9a01-000000000001,level-2,16,interacted,objection-presented,no-parity,2026-09-15T09:45:48.000Z,00000000-0000-4000-8000-0000000000bc
00000000-0000-4000-8000-0000000000be,BK-1234,b7a1e7d0-3f9d-4c4e-9a01-000000000001,level-2,16,interacted,objection-presented,no-parity,2026-09-15T09:46:12.000Z,00000000-0000-4000-8000-0000000000be
00000000-0000-4000-8000-0000000000c1,BK-1234,b7a1e7d0-3f9d-4c4e-9a01-000000000001,level-2,17,initialized,round-initialized,no-parity,2026-09-15T09:46:39.000Z,00000000-0000-4000-8000-0000000000c1
00000000-0000-4000-8000-0000000000c5,BK-1234,b7a1e7d0-3f9d-4c4e-9a01-000000000001,level-2,17,interacted,objection-presented,no-parity,2026-09-15T09:47:46.000Z,00000000-0000-4000-8000-0000000000c5
00000000-0000-4000-8000-0000000000c7,BK-1234,b7a1e7d0-3f9d-4c4e-9a01-000000000001,level-2,17,interacted,objection-presented,no-parity,2026-09-15T09:48:10.000Z,00000000-0000-4000-8000-0000000000c7
00000000-0000-4000-8000-0000000000ca,BK-1234,b7a1e7d0-3f9d-4c4e-9a01-000000000001,level-2,18,initialized,round-initialized,no-parity,2026-09-15T09:48:37.000Z,00000000-0000-4000-8000-0000000000ca
00000000-0000-4000-8000-0000000000ce,BK-1234,b7a1e7d0-3f9d-4c4e-9a01-000000000001,level-2,18,interacted,objection-presented,no-parity,2026-09-15T09:49:44.000Z,00000000-0000-4000-8000-0000000000ce
00000000-0000-4000-8000-0000000000d0,BK-1234,b7a1e7d0-3f9d-4c4e-9a01-000000000001,level-2,18,interacted,objection-presented,no-parity,2026-09-15T09:50:08.000Z,00000000-0000-4000-8000-0000000000d0
00000000-0000-4000-8000-0000000000d3,BK-1234,b7a1e7d0-3f9d-4c4e-9a01-000000000001,level-2,19,initialized,round-initialized,no-parity,2026-09-15T09:50:35.000Z,00000000-0000-4000-8000-0000000000d3
00000000-0000-4000-8000-0000000000d7,BK-1234,b7a1e7d0-3f9d-4c4e-9a01-000000000001,level-2,19,interacted,objection-presented,no-parity,2026-09-15T09:51:42.000Z,00000000-0000-4000-8000-0000000000d7
00000000-0000-4000-8000-0000000000d9,BK-1234,b7a1e7d0-3f9d-4c4e-9a01-000000000001,level-2,19,interacted,objection-presented,no-parity,2026-09-15T09:52:06.000Z,00000000-0000-4000-8000-0000000000d9
00000000-0000-4000-8000-0000000000dc,BK-1234,b7a1e7d0-3f9d-4c4e-9a01-000000000001,level-2,20,initialized,round-initialized,no-parity,2026-09-15T09:52:33.000Z,00000000-0000-4000-8000-0000000000dc
00000000-0000-4000-8000-0000000000e0,BK-1234,b7a1e7d0-3f9d-4c4e-9a01-000000000001,level-2,20,interacted,objection-presented,no-parity,2026-09-15T09:53:40.000Z,00000000-0000-4000-8000-0000000000e0
00000000-0000-4000-8000-0000000000e3,BK-1234,b7a1e7d0-3f9d-4c4e-9a01-000000000001,level-2,,completed,level-milestone,no-parity,2026-09-15T09:54:06.000Z,00000000-0000-4000-8000-0000000000e3
00000000-0000-4000-8000-0000000000ef,BK-1234,b7a1e7d0-3f9d-4c4e-9a01-000000000001,level-2,,completed,sim-completed,no-parity,2026-09-15T09:54:30.000Z,00000000-0000-4000-8000-0000000000ef
